﻿<?xml version="1.0" encoding="utf-8"?>
<Elements xmlns="http://schemas.microsoft.com/sharepoint/">
  <Module Name="Scripts">
    <File Path="Scripts\App.js" Url="Scripts/App.js" ReplaceContent="TRUE" />
    <File Path="Scripts\jquery-1.9.1.min.map" Url="Scripts/jquery-1.9.1.min.map" ReplaceContent="TRUE" />
    <File Path="Scripts\jquery-1.9.1.min.js" Url="Scripts/jquery-1.9.1.min.js" ReplaceContent="TRUE" />
    <File Path="Scripts\jquery-1.9.1.js" Url="Scripts/jquery-1.9.1.js" ReplaceContent="TRUE" />
    <File Path="Scripts\jquery-1.9.1.intellisense.js" Url="Scripts/jquery-1.9.1.intellisense.js" ReplaceContent="TRUE" />
    <File Path="Scripts\controllers\findingCtrl.js" Url="Scripts/controllers/findingCtrl.js" ReplaceContent="TRUE" />
    <File Path="Scripts\services\fileUploadSvr.js" Url="Scripts/services/fileUploadSvr.js" ReplaceContent="TRUE" />
    <File Path="Scripts\controllers\actionCtrl.js" Url="Scripts/controllers/actionCtrl.js" ReplaceContent="TRUE" />
    <File Path="Scripts\controllers\searchCtrl.js" Url="Scripts/controllers/searchCtrl.js" ReplaceContent="TRUE" />
    <File Path="Scripts\services\crudSvr.js" Url="Scripts/services/crudSvr.js" ReplaceContent="TRUE" />
    <File Path="Scripts\controllers\newCtrl.js" Url="Scripts/controllers/newCtrl.js" ReplaceContent="TRUE" />
    <File Path="Scripts\controllers\reportCtrl.js" Url="Scripts/controllers/reportCtrl.js" ReplaceContent="TRUE" />
    <File Path="Scripts\topBarNavLinks.js" Url="Scripts/topBarNavLinks.js" ReplaceContent="TRUE" />
    <File Path="Scripts\controllers\kpiCtrl.js" Url="Scripts/controllers/kpiCtrl.js" ReplaceContent="TRUE" />
    <File Path="Scripts\controllers\adminCtrl.js" Url="Scripts/controllers/adminCtrl.js" ReplaceContent="TRUE" />
  </Module>
</Elements>