﻿<?xml version="1.0" encoding="utf-8"?>
<Elements xmlns="http://schemas.microsoft.com/sharepoint/">
  <Module Name="Images">
    <File Path="Images\spacer.png" Url="Images/spacer.png" ReplaceContent="TRUE" />
    <File Path="Images\applogo.png" Url="Images/applogo.png" ReplaceContent="TRUE" />
    <File Path="Images\WFLogo.png" Url="Images/WFLogo.png" ReplaceContent="TRUE" />
    <File Path="Images\AppIcon.png" Url="Images/AppIcon.png" ReplaceContent="TRUE" />
    <File Path="Images\fileIcons\doc.png" Url="Images/fileIcons/doc.png" ReplaceContent="TRUE" />
    <File Path="Images\fileIcons\pdf.png" Url="Images/fileIcons/pdf.png" ReplaceContent="TRUE" />
    <File Path="Images\fileIcons\ppt.png" Url="Images/fileIcons/ppt.png" ReplaceContent="TRUE" />
    <File Path="Images\fileIcons\txt.png" Url="Images/fileIcons/txt.png" ReplaceContent="TRUE" />
    <File Path="Images\fileIcons\unknown.png" Url="Images/fileIcons/unknown.png" ReplaceContent="TRUE" />
    <File Path="Images\fileIcons\xls.png" Url="Images/fileIcons/xls.png" ReplaceContent="TRUE" />
    <File Path="Images\fileIcons\zip.png" Url="Images/fileIcons/zip.png" ReplaceContent="TRUE" />
  </Module>
</Elements>