﻿<?xml version="1.0" encoding="utf-8"?>
<Elements xmlns="http://schemas.microsoft.com/sharepoint/">
  <Module Name="Scripts">
    <File Path="Scripts\App.js" Url="Scripts/App.js" ReplaceContent="TRUE" />
    <File Path="Scripts\jquery-1.10.2.min.map" Url="Scripts/jquery-1.10.2.min.map" ReplaceContent="TRUE" />
    <File Path="Scripts\jquery-1.10.2.min.js" Url="Scripts/jquery-1.10.2.min.js" ReplaceContent="TRUE" />
    <File Path="Scripts\jquery-1.10.2.js" Url="Scripts/jquery-1.10.2.js" ReplaceContent="TRUE" />
    <File Path="Scripts\jquery-1.10.2.intellisense.js" Url="Scripts/jquery-1.10.2.intellisense.js" ReplaceContent="TRUE" />
    <File Path="Scripts\jquery-ui-1.10.1.min.js" Url="Scripts/jquery-ui-1.10.1.min.js" ReplaceContent="TRUE" />
    <File Path="Scripts\jquery.timepicker.min.js" Url="Scripts/jquery.timepicker.min.js" ReplaceContent="TRUE" />
  </Module>
</Elements>