﻿<?xml version="1.0" encoding="utf-8" ?>
<!--Created:cb85b80c-f585-40ff-8bfc-12ff4d0e34a9-->
<App xmlns="http://schemas.microsoft.com/sharepoint/2012/app/manifest"
     Name="WestFraserAppsWFAir"
     ProductID="{a6aa15b6-4d9f-49ec-a4e6-7a313dc45fa0}"
     Version="1.0.0.8"
     SharePointMinVersion="15.0.0.0"
>
  <Properties>
    <Title>WestFraser.Apps.WFAir</Title>
    <StartPage>~appWebUrl/Pages/Default.aspx?{StandardTokens}</StartPage>
  </Properties>

  <AppPrincipal>
    <Internal />
  </AppPrincipal>
<AppPermissionRequests AllowAppOnlyPolicy="false">
    <AppPermissionRequest Scope="http://sharepoint/content/sitecollection/web" Right="Manage" />
    <AppPermissionRequest Scope="http://sharepoint/content/sitecollection/web/list" Right="Manage" />
  </AppPermissionRequests>

</App>
