<?xml version="1.0"?>

<connectionParameters>

  <method>
    <name>login</name>
    <dbDriver>oracle</dbDriver>
    <host>trudev01.tru.ca</host>
    <port>1521</port>
    <sid>trudev01</sid>
    <username>gatlPortal</username>
    <password>narn1a</password>
    <statementStart>SELECT * FROM users</statementStart>
    <fields>UPPER(username)|password|</fields>
    <tables></tables>
  </method>

  <method>   
    <name>CountReturn</name>
    <dbDriver>oracle</dbDriver>
    <host>trudev01.tru.ca</host>
    <port>1521</port>
    <sid>trudev01</sid>
    <username>gatlPortal</username>
    <password>narn1a</password>
    <statementStart>SELECT COUNT(STUDENT_ID) FROM STUDENT</statementStart>
    <fields>STUDENT_ColleagueID|
            STUDENT_BannerID|
            UPPER(STUDENT_FirstName)|
            UPPER(STUDENT_LastName)|
            UPPER(STUDENT_AddressLine1)|
            UPPER(STUDENT_City)|
            UPPER(STUDENT_Province)|
            UPPER(STUDENT_PostalCode)|
            UPPER(STUDENT_Country)|
    </fields>
    <tables>STUDENT</tables> 
  </method>

  <method>   
    <name>FindStudent</name>
    <dbDriver>oracle</dbDriver>
    <host>trudev01.tru.ca</host>
    <port>1521</port>
    <sid>trudev01</sid>
    <username>gatlPortal</username>
    <password>narn1a</password>
    <statementStart>SELECT * FROM STUDENT</statementStart>
    <fields>STUDENT_ColleagueID|
            STUDENT_BannerID|
            UPPER(STUDENT_FirstName)|
            UPPER(STUDENT_LastName)|
            UPPER(STUDENT_AddressLine1)|
            UPPER(STUDENT_City)|
            UPPER(STUDENT_Province)|
            UPPER(STUDENT_PostalCode)|
            UPPER(STUDENT_Country)|
    </fields>
    <tables>STUDENT</tables> 
  </method>

  <method>   
    <name>PossibleMatch</name>
    <dbDriver>oracle</dbDriver>
    <host>trudev01.tru.ca</host>
    <port>1521</port>
    <sid>trudev01</sid>
    <username>gatlPortal</username>
    <password>narn1a</password>
    <statementStart>SELECT Student.*, PossibleMatch_CompareFactor FROM PossibleMatch, Student</statementStart>
    <fields>PossibleMatch_StudentID|PossibleMatch_ColleagueID|PossibleMatch_BannerID|PossibleMatch_CompareFactor|Student_ID|</fields>
    <tables>PossibleMatch|Student|</tables> 
  </method>

  <method>   
    <name>StudentName</name>
    <dbDriver>oracle</dbDriver>
    <host>trudev01.tru.ca</host>
    <port>1521</port>
    <sid>trudev01</sid>
    <username>gatlPortal</username>
    <password>narn1a</password>
    <statementStart>SELECT Student_FirstName, 
                    Student_LastName FROM Student</statementStart>
    <fields>Student_ColleagueID|
            Student_BannerID|
    </fields>
    <tables></tables> 
  </method>
  
  <method>   
    <name>BannerTranscript</name>
    <dbDriver>oracle</dbDriver>
    <host>apollo.ola.bc.ca</host>
    <port>1526</port>
    <sid>BANPDN</sid>
    <username>aisapps</username>
    <password>4select</password>
    <statementStart>  SELECT SSBSECT_SUBJ_CODE "Course", SSBSECT_CRSE_NUMB "No.", 
         NVL(SSBSECT_CRSE_TITLE, SCBCRSE_TITLE) "Course Title", 
         to_char(SWBEXTH_START_DATE, 'Mon-YYYY') "Start Date", 
         to_char(SHRTCKG_FINAL_GRDE_CHG_DATE,'Mon-YYYY') "Completion Date", 
         SHRTCKG_GRDE_CODE_FINAL "Final Grade",
                   SHRTCKG_CREDIT_HOURS "Hours Attempted",
            (SHRTCKG_CREDIT_HOURS * 
            (case
              when SHRGRDE_NUMERIC_VALUE > 49 then 1 
              else 0 
            end)) "Hours Completed"
  FROM
      SFRSTCR,
      SWBEXTH,
      SSBSECT,
      SCBCRSE,
      SHRTCKN,
      SHRTCKL,
      SHRTCKG,
      SHRGRDE</statementStart>
    <fields>
       SHRTCKL_LEVL_CODE|
       SHRTCKL_PIDM|
       SHRTCKL_TERM_CODE|
       SHRTCKL_TCKN_SEQ_NO|       
       SHRTCKN_PIDM|
       SHRTCKN_TERM_CODE|
       SHRTCKN_SEQ_NO|
       SHRTCKN_CRN|
       SHRTCKN_SUBJ_CODE|
       SHRTCKN_CRSE_NUMB|
       SHRTCKG_PIDM| 
       SHRTCKG_TERM_CODE|
       SHRTCKG_TCKN_SEQ_NO|
       SHRTCKG_SEQ_NO|
       SFRSTCR_PIDM|
       SFRSTCR_TERM_CODE|
       SFRSTCR_CRN|
       SUBSTR(SFRSTCR_RSTS_CODE,1,1)|
       SWBEXTH_PIDM|       
       SWBEXTH_TERM_CODE|
       SWBEXTH_CRN|
       SWBEXTH_START_DATE|
       SSBSECT_TERM_CODE|
       SSBSECT_CRN|
       SSBSECT_SUBJ_CODE|
       SSBSECT_CRSE_NUMB|
       SCBCRSE_SUBJ_CODE|
       SCBCRSE_CRSE_NUMB|
       SCBCRSE_EFF_TERM|
       sc.scbcrse_subj_code|
       sc.scbcrse_crse_numb|
       sc.scbcrse_eff_term|       
            SWREXTD_PIDM|
            SSBSECT_TERM_CODE|
            SWREXTD_TERM_CODE|
            SSBSECT_CRN|
            SWREXTD_CRN|
            SCBCRSE_SUBJ_CODE|
            SSBSECT_SUBJ_CODE|
            SCBCRSE_CRSE_NUMB|
            SSBSECT_CRSE_NUMB|
            SHRGRDE_CODE|
            SWREXTD_GRDE_CODE|
            SHRGRDE_GRDE_STATUS_IND|
            SWREXTD_START_DATE|
       SSBSECT_SUBJ_CODE "Course No."|
       SSBSECT_CRSE_NUMB "Course No."| 
      NVL(SSBSECT_CRSE_TITLE, SCBCRSE_TITLE) "Course Title"| 
  to_char(SWREXTD_START_DATE, 'Mon-YYYY') "Start Date" | 
  to_char(SWREXTD_GRDE_DATE,'Mon-YYYY') "Completion Date"| 
          SWREXTD_GRDE_CODE "Final Grade"|
          SSBSECT_CREDIT_HRS "Hours Attempted"|
         (SSBSECT_CREDIT_HRS *(case when SHRGRDE_NUMERIC_VALUE > 49 then 1 else 0 end)) "Hours Completed"|
      SHRTCKG_GRDE_CODE_FINAL|
    </fields>
    <tables>SFRSTCR|SWBEXTH|SSBSECT|SCBCRSE|SHRTCKN|SHRTCKL|SHRTCKG|SCBCRSE sc|SWREXTD|SHRGRDE|</tables> 
  </method>

</connectionParameters>