﻿<?xml version="1.0" encoding="utf-8"?>
<Feature xmlns="http://schemas.microsoft.com/sharepoint/" Description="SharePoint App Feature" Id="429e581d-2e49-4d88-8363-4ccfdd049b5f" Scope="Web" Title="WestFraser.Apps.WFAir Feature1" Version="1.0.0.8">
  <ElementManifests>
    <ElementManifest Location="Pages\Elements.xml" />
    <ElementFile Location="Pages\Default.aspx" />
    <ElementManifest Location="Scripts\Elements.xml" />
    <ElementFile Location="Scripts\App.js" />
    <ElementFile Location="Scripts\jquery-1.10.2.min.map" />
    <ElementFile Location="Scripts\jquery-1.10.2.min.js" />
    <ElementFile Location="Scripts\jquery-1.10.2.js" />
    <ElementFile Location="Scripts\jquery-1.10.2.intellisense.js" />
    <ElementFile Location="Scripts\jquery-ui-1.10.1.min.js" />
    <ElementFile Location="Scripts\jquery.timepicker.min.js" />
    <ElementManifest Location="Content\Elements.xml" />
    <ElementFile Location="Content\App.css" />
    <ElementFile Location="Content\jquery-ui-1.10.1.min.css" />
    <ElementFile Location="Content\jquery.timepicker.min.css" />
    <ElementManifest Location="Images\Elements.xml" />
    <ElementFile Location="Images\AppIcon.png" />
    <ElementFile Location="Images\logo.png" />
    <ElementManifest Location="Elements.xml" />
  </ElementManifests>
  <UpgradeActions>
    <VersionRange>
      <ApplyElementManifests>
        <ElementManifest Location="Pages\Elements.xml" />
        <ElementManifest Location="Scripts\Elements.xml" />
        <ElementManifest Location="Content\Elements.xml" />
        <ElementManifest Location="Images\Elements.xml" />
        <ElementManifest Location="Elements.xml" />
      </ApplyElementManifests>
    </VersionRange>
  </UpgradeActions>
</Feature>
