﻿<?xml version="1.0" encoding="utf-8"?>
<Elements xmlns="http://schemas.microsoft.com/sharepoint/">
  <Module Name="Pages">
    <File Path="Pages\Default.aspx" Url="Pages/Default.aspx" ReplaceContent="TRUE" />
    <File Path="Pages\views\finding.html" Url="Pages/views/finding.html" ReplaceContent="TRUE" />
    <File Path="Pages\views\action.html" Url="Pages/views/action.html" ReplaceContent="TRUE" />
    <File Path="Pages\views\search.html" Url="Pages/views/search.html" ReplaceContent="TRUE" />
    <File Path="Pages\views\new.html" Url="Pages/views/new.html" ReplaceContent="TRUE" />
    <File Path="Pages\views\report.html" Url="Pages/views/report.html" ReplaceContent="TRUE" />
    <File Path="Pages\views\kpi.html" Url="Pages/views/kpi.html" ReplaceContent="TRUE" />
    <File Path="Pages\views\admin.html" Url="Pages/views/admin.html" ReplaceContent="TRUE" />
  </Module>
</Elements>
