﻿<?xml version="1.0" encoding="utf-8"?>
<Elements xmlns="http://schemas.microsoft.com/sharepoint/">
  <Module Name="Content">
    <File Path="Content\App.css" Url="Content/App.css" ReplaceContent="TRUE" />
    <File Path="Content\bootstrap\theme.min.css" Url="Content/bootstrap/theme.min.css" ReplaceContent="TRUE" />
    <File Path="Content\fonts\glyphicons-halflings-regular.woff2" Url="Content/fonts/glyphicons-halflings-regular.woff2" ReplaceContent="TRUE" />
    <File Path="Content\fonts\glyphicons-halflings-regular.woff" Url="Content/fonts/glyphicons-halflings-regular.woff" ReplaceContent="TRUE" />
    <File Path="Content\fonts\glyphicons-halflings-regular.ttf" Url="Content/fonts/glyphicons-halflings-regular.ttf" ReplaceContent="TRUE" />
    <File Path="Content\print.css" Url="Content/print.css" ReplaceContent="TRUE" />
  </Module>
</Elements>